かさがいっぱいありますね。どれがあなた _______ ですか。,も,が,に,の,の,文法の形式の判断,N4,N4-30-1
かばんを買いに行ったが、どれ _______ 高くて買えなかった。,か,も,でも,ばかり,も,文法の形式の判断,N4,N4-30-2
すぐへんじができないので、すこし _______ ください。,考えさせて,考えさせられて,考えたくて,考えたがって,考えさせて,文法の形式の判断,N4,N4-30-3
兄がけがをしたので、あしたはアルバイトを _______ ください。,休めさせて,休むさせて,休みさせて,休ませて,休ませて,文法の形式の判断,N4,N4-30-4
おとしたさいふ _______ あって、よかったですね。,が,に,を,の,が,文法の形式の判断,N4,N4-30-5
"Ａ「会話の試験、 _______ 。」
Ｂ「あまり上手に話せませんでした。」",どうでしたか,どうしましょうか,どうしたらいいですか,どうしたいですか,どうでしたか,文法の形式の判断,N4,N4-30-6
あの花は5月に _______ とさきません。,ならず,ならなけれ,ならなく,ならない,ならない,文法の形式の判断,N4,N4-30-7
ここに車を _______ 。 じゃまだ 。,止まるな,止めるな,止めろな,止まれな,止めるな,文法の形式の判断,N4,N4-30-8
電車におくれる。 _______ 。,急がず,急ぐな,急ぎ,急げ,急げ,文法の形式の判断,N4,N4-30-9
駅 _______ 近くにいいホテルがあります。,が,で,の,に,の,文法の形式の判断,N4,N4-30-10
きのうは _______ 。,あたたかくないでした,あたたかくありませんでした,あたたかいじゃなかったです,あたたかいじゃないでした,あたたかくありませんでした,文法の形式の判断,N4,N4-29-1
あのレストランはよやくした人 _______ 入れません。,しか,から,より,ぐらい,しか,文法の形式の判断,N4,N4-29-2
その仕事についてはわたしから _______ 。,ご説明なさいます,ご説明になります,ご説明いたします,ご説明ございます,ご説明いたします,文法の形式の判断,N4,N4-29-3
みんなが子どもの _______ 元気に歌いはじめた。,ように,ぐらいに,ほどに,そうに,ように,文法の形式の判断,N4,N4-29-4
日本の音楽はまだ聞いたこと _______ ありません。,を,に,で,が,が,文法の形式の判断,N4,N4-29-5
"Ａ「すみません。寒いのでまどを _______ 。」
Ｂ「ええ、どうぞ。」",しめたいですか,しめてください,しめてもいいですか,しめるでしょうか,しめてもいいですか,文法の形式の判断,N4,N4-29-6
田中さんはちこくをしないと言った _______ 、またちこくをした。,から,でも,ので,のに,のに,文法の形式の判断,N4,N4-29-7
上手に _______ ように何度もれんしゅうします。,話し,話せる,話そう,話される,話せる,文法の形式の判断,N4,N4-29-8
あ、お金が _______ 。,おちています,おちてあります,おとしています,おとしてあります,おちています,文法の形式の判断,N4,N4-29-9
急に雨がふり _______ 。,つづけた,だした,でた,きた,だした,文法の形式の判断,N4,N4-29-10
かれは同じ小説を5回 _______ 読んだ。,も,が,で,しか,も,文法の形式の判断,N4,N4-28-1
今日は運動を _______ にしてください。,しないで,しない,しなさそう,しないよう,しないよう,文法の形式の判断,N4,N4-28-2
６さいから小学校に _______ はじめる。,通わ,通う,通った,通い,通い,文法の形式の判断,N4,N4-28-3
夜はあまいものを _______ にしています。,食べない,食べよう,食べるそう,食べないよう,食べないよう,文法の形式の判断,N4,N4-28-4
このレストランはいつもたくさん人が _______ ね。,ならべています,ならべてあります,ならんでいます,ならんであります,ならんでいます,文法の形式の判断,N4,N4-28-5
小林さんが _______ 、かならず私に知らせて下さい。,来たら,来ると,来なら,来るまま,来たら,文法の形式の判断,N4,N4-28-6
あの鳥は _______ 声でなくのかなあ。,どこ,どう,どれ,どんな,どんな,文法の形式の判断,N4,N4-28-7
はをみがいてから _______ なさい。,ね,ねる,ねれ,ねろ,ね,文法の形式の判断,N4,N4-28-8
だれがこの本を書いた _______ 知っていますか。,は,を,か,で,か,文法の形式の判断,N4,N4-28-9
先生がなかなか来ないので、学生がさわぎ _______ 。,つづいた,はじまった,おわった,だした,だした,文法の形式の判断,N4,N4-28-10
となりの家でピアノの音 _______ している。,が,を,と,に,が,文法の形式の判断,N4,N4-27-1
このバスは大きなはし _______ わたって、駅へ行きます。,を,に,で,が,を,文法の形式の判断,N4,N4-27-2
じゅぎょうで手紙 _______ 方を習いました。,書か,書き,書く,書いた,書き,文法の形式の判断,N4,N4-27-3
わたしはどこ _______ ねられます。,など,でも,か,は,でも,文法の形式の判断,N4,N4-27-4
食事の前にはかならず手を _______ なければなりません。,洗う,洗い,洗わ,洗おう,洗わ,文法の形式の判断,N4,N4-27-5
意見がある方は、 _______ ください。,おっしゃりて,おっしゃって,おっしゃい,おっしゃり,おっしゃって,文法の形式の判断,N4,N4-27-6
このメ－ルをだれかに _______ とこまる。,見れれる,見られる,見れる,見る,見られる,文法の形式の判断,N4,N4-27-7
かみのけを _______ 切った。,みじかい,みじかく,みじかいに,みじかくに,みじかく,文法の形式の判断,N4,N4-27-8
どなたか質問のある方は _______ か。,いらっしゃるです,いらっしゃいです,いらっしゃいません,いらっしゃるではありません,いらっしゃいません,文法の形式の判断,N4,N4-27-9
"きゃく「すみません、コーヒーと サンドイッチを _______ 。」
店員「はい。かしこまりました。」",くださいますよ,おねがいします,ございますね,めしあがります,おねがいします,文法の形式の判断,N4,N4-27-10
会社をやめてどう _______ つもりですか。,する,した,したい,しよう,する,文法の形式の判断,N4,N4-26-1
"Ａ「この問題がわからなくてこまっているんですが。」
Ｂ「じゃあ、この本を _______ どうですか。」",読んでみる,読んでみても,読んでみて,読んでみたら,読んでみたら,文法の形式の判断,N4,N4-26-2
あした _______ ならせんたくをしません。,雨,雨だ,雨の,雨に,雨,文法の形式の判断,N4,N4-26-3
あと5分 _______ ありません。急ぎましょう。,ごろ,しか,だけ,で,しか,文法の形式の判断,N4,N4-26-4
あ、たいへん。急いで来たからさいふを _______ 。,わすれなくちゃ,わすれといて,わすれなきゃ,わすれちゃった,わすれちゃった,文法の形式の判断,N4,N4-26-5
_______ ので、よくパソコンを使います。,へんりで,べんり,べんりな,べんりだ,べんりな,文法の形式の判断,N4,N4-26-6
この薬を飲めば病気はなおる _______ です。,はず,ため,こと,ばかり,はず,文法の形式の判断,N4,N4-26-7
ひまが _______ 、あそびに来てくださいね。,あると,あって,あったら,あったため,あったら,文法の形式の判断,N4,N4-26-8
ここをおすとドアが _______ 。,開きます,開けます,開いて　います,開けて　います,開きます,文法の形式の判断,N4,N4-26-9
おなかがいたいから半分 _______ 食べます。,だけ,しか,も,と,だけ,文法の形式の判断,N4,N4-26-10
きょうはきのうほど風が _______ 。,強いだろう,強くない,強かった,強い,強くない,文法の形式の判断,N4,N4-25-1
日本で_______ ために日本語を勉強している。,働く,働き,働いて,働こう,働く,文法の形式の判断,N4,N4-25-2
"きゃく「すみません、このぼうし、かぶって_______ いいですか。」
店員「はい、どうぞ。」",しても,みても,くれても,あっても,みても,文法の形式の判断,N4,N4-25-3
夜は暗くて歩いている人が_______ にくいので、注意してうんてんします。,見える,見えた,見えて,見え,見え,文法の形式の判断,N4,N4-25-4
急に大きな音がしたので、その子どもは_______ ないてしまった。,こわかったがって,こわいがって,こわくがって,こわがって,こわがって,文法の形式の判断,N4,N4-25-5
コピーの字が_______ すぎて、読めません。,うす,うすく,うすい,うすくて,うす,文法の形式の判断,N4,N4-25-6
先生、わたしがそのにもつを_______ 。,お持ちします,お持ちになります,お持ちいただきます,お持ちくださいます,お持ちします,文法の形式の判断,N4,N4-25-7
このじしょで漢字の読みかたが_______ ます。,しらべ,しらばれ,しらべられ,しらばられ,しらべられ,文法の形式の判断,N4,N4-25-8
_______ ので、そのきかいにさわってはいけません。,きけん,きけんに,きけんな,きけんだ,きけんな,文法の形式の判断,N4,N4-25-9
"A「ごはんを食べてから、おふろに入りますか。」
B「いいえ、わたしは_______ 。」",ごはんのまえに入ります,いつも一入で食べます,食べたあとで入ります,ごはんをたくさん食べません,ごはんのまえに入ります,文法の形式の判断,N4,N4-25-10
その本をどこで買った_______ おぼえていますか。,の,を,は,か,か,文法の形式の判断,N4,N4-24-1
お金もない_______ 、時間もないから、あそびに行けない。,や,で,し,とか,し,文法の形式の判断,N4,N4-24-2
しょうらい先生に_______ ために勉強しています。,なる,なろう,なった,なれる,なる,文法の形式の判断,N4,N4-24-3
銀行の名前がかわった_______ 知りませんでした。,ものを,ことを,ように,のが,ことを,文法の形式の判断,N4,N4-24-4
前の人につづいてまっすぐ_______ なさい。,歩いた,歩く,歩き,歩け,歩き,文法の形式の判断,N4,N4-24-5
ここをおす_______ 、にんぎょうが動きます。,の,で,と,か,と,文法の形式の判断,N4,N4-24-6
天気よほう_______ 今夜はゆきがふるそうです。,になると,によると,だったら,だから,によると,文法の形式の判断,N4,N4-24-7
あぶないですから、子どもを一人で_______ ないでください。,あそばし,あそばせ,あそびさせ,あそばさせ,あそばせ,文法の形式の判断,N4,N4-24-8
おなかがいたくて病院へ行ったら、1時間も_______ 。,待たれさせた,待たせさせた,待たされた,待たされられた,待たされた,文法の形式の判断,N4,N4-24-9
父は おもしろいことを言ってよくみんなを_______ 。,わらわせる,わらいたい,わらわれる,わらえる,わらわせる,文法の形式の判断,N4,N4-24-10
けいたい電話を_______ ために、れんらくできませんでした。,わすれた,わすれる,わすれて,わすれ,わすれた,文法の形式の判断,N4,N4-23-1
このケーキは_______ ば、おいしくありません。,つめたくなけれ,つめたくなく,つめたくじゃない,つめたくなかった,つめたくなけれ,文法の形式の判断,N4,N4-23-2
"A「きょうは寒かったですね。あしたも寒いでしょうか。」
B「_______ 。」",へえ、寒いですね,ええ、きっと寒いと思います,ああ、あしたも寒くないでしょう,なるほど、とても寒かったですよ,ええ、きっと寒いと思います,文法の形式の判断,N4,N4-23-3
ふうとう_______ 切手をはってください。,に,で,を,が,に,文法の形式の判断,N4,N4-23-4
わたしは子ども_______ しゅくだいをさせた。,を,が,で,に,に,文法の形式の判断,N4,N4-23-5
兄_______ 弟のほうがせが高い。,から,まで,より,ほど,より,文法の形式の判断,N4,N4-23-6
"A「日本に来て、どのぐらいですか。」
B「_______ 。」",先週です,21さいです,2週間です,11月18日です,2週間です,文法の形式の判断,N4,N4-23-7
たくさんの料理があった_______ 、ぜんぶ食べる時間がなかった。,のに,でも,ながら,と,のに,文法の形式の判断,N4,N4-23-8
学生_______ もっと勉強しなさい。,みたい,みたいな,らしく,らしい,らしく,文法の形式の判断,N4,N4-23-9
図書館でこの町のれきしを_______ ことができます。,しらべた,しらべられる,しらべる,しらべて,しらべる,文法の形式の判断,N4,N4-23-10
その仕事はぜひわたしに_______ 。,やりましょう,やりませんか,やらせてください,やってください,やらせてください,文法の形式の判断,N4,N4-22-1
ねつが高いときは、むりを_______ ほうがいい。,しない,しなくて,しないで,せず,しない,文法の形式の判断,N4,N4-22-2
外国語を勉強しても、_______ ばわすれてしまいます。,話さなく,話さない,話さないで,話さなけれ,話さなけれ,文法の形式の判断,N4,N4-22-3
このきせつはたくさんの人が病院に_______ やすい。,なり,なった,なって,なる,なり,文法の形式の判断,N4,N4-22-4
おきゃくさんが来るからテーブルの上におさらを_______ おきます。,ならべて,ならんで,ならべる,ならぶ,ならべて,文法の形式の判断,N4,N4-22-5
先月からテニスを_______ 。,始まりました,始まります,始めました,始めます,始めました,文法の形式の判断,N4,N4-22-6
風がとても強いので、外に出ない_______ あんぜんだ。,ほうが,までに,ながら,だから,ほうが,文法の形式の判断,N4,N4-22-7
田中ともうします_______ 、山下さんをおねがいします。,と,が,から,のに,が,文法の形式の判断,N4,N4-22-8
友だち_______ そうじをてつだってくれた。,を,の,が,で,が,文法の形式の判断,N4,N4-22-9
学校をそつぎょうしても、日本語の勉強をつづけて_______ つもりだ。,くる,いく,いこう,こよう,いく,文法の形式の判断,N4,N4-22-10
今までねていた赤ちゃんが急に_______ だした。,ないて,なく,なき,なけ,なき,文法の形式の判断,N4,N4-21-1
そのアパ－トは駅_______ 近い。,を,の,で,に,に,文法の形式の判断,N4,N4-21-2
すみません、きっぷの_______ 方を教えてください。,買った,買って,買い,買う,買い,文法の形式の判断,N4,N4-21-3
"医者「ねつが下がりましたね。でも、もう少しこの薬を飲んでください。」
田中「うんどうをしてもいいですか。」
医者「いいえ、まだ_______ 。」",してください,してもいいですぐ,しなくてもいいです,しないでください,しないでください,文法の形式の判断,N4,N4-21-4
楽しかった旅行のこと_______ 思い出しています。,ながら,ばかり,しか,までに,ばかり,文法の形式の判断,N4,N4-21-5
チケットはあとでお_______ いたします。,わたして,わたす,わたせ,わたし,わたし,文法の形式の判断,N4,N4-21-6
先週かぜをひきましたが、もう_______ なりました。,元気,元気に,元気く,元気で,元気に,文法の形式の判断,N4,N4-21-7
ひこうきが空_______ 東から西へとんで行きました。,を,は,で,と,を,文法の形式の判断,N4,N4-21-8
毎日れんしゅうしたので、_______ ように なりました。,およいで,およいだ,およげる,およぎ,およげる,文法の形式の判断,N4,N4-21-9
その映画はとてもおもしろいので、一度_______ 見てください。,見た,見て,見ていて,見る,見て,文法の形式の判断,N4,N4-21-10
この漢字は_______ 方がむずかしいです。,読めて,読んで,読む,読み,読み,文法の形式の判断,N4,N4-20-1
彼女_______ 来る日は火曜日です。,へ,を,で,の,の,文法の形式の判断,N4,N4-20-2
はじめはことばもわからない_______ 、友だちもいない_______ 、ほんとうに たいへんでした。,や/や,し/し,ても/ても,たり/たり,し/し,文法の形式の判断,N4,N4-20-3
先生は今度の土曜日はずっと研究室_______ いらっしゃるそうです。,は,が,を,に,に,文法の形式の判断,N4,N4-20-4
プレゼントは花_______ しましょう。,に,が,を,も,に,文法の形式の判断,N4,N4-20-5
わたしは旅行に_______ が、行けなかった。,行きにくかった,行きたかった,行きそうだった,行くらしかった,行きたかった,文法の形式の判断,N4,N4-20-6
スポーツをするの_______ 、見るの_______ どちらが好きですか。,が／が,と／と,や／や,も／も,と／と,文法の形式の判断,N4,N4-20-7
そちらの方がわたしのにもつを_______ 。,お持ちしました,お持ちなりました,持ってくださいました,持っていただきました,持ってくださいました,文法の形式の判断,N4,N4-20-8
来月富士山に_______ と思っています。,のぼり,のぼろう,のぼった,のぼります,のぼろう,文法の形式の判断,N4,N4-20-9
きのう買ったカメラ_______ ぬすまれてしまいました。,で,に,を,へ,を,文法の形式の判断,N4,N4-20-10
ねる前にかならずはを_______ いけません。,みがけば,みがかないで,みがいても,みがかなくては,みがかなくては,文法の形式の判断,N4,N4-19-1
では、お元気で。ごりょうしん_______ どうぞよろしくおつたえください。,でも,にも,では,には,にも,文法の形式の判断,N4,N4-19-2
彼から借りた本は１さつ_______ です。,も,と,だけ,しか,だけ,文法の形式の判断,N4,N4-19-3
うちの子どもはこわい話を_______ たがる。,聞く,聞き,聞いた,聞け,聞き,文法の形式の判断,N4,N4-19-4
バスが何時に来る_______ わかりません。,か,は,の,を,か,文法の形式の判断,N4,N4-19-5
ゆきがたくさんふった_______ しあいが中止された。,ほど,ため,より,ばかり,ため,文法の形式の判断,N4,N4-19-6
夏休みは旅行に_______ と思います。,行きましょう,行きます,行って,行こう,行こう,文法の形式の判断,N4,N4-19-7
私は母_______ なかせるようなことはしたくない。,へ,を,に,の,を,文法の形式の判断,N4,N4-19-8
"大山「小川さん、この本を山田先生にわたしてくださいませんか。」
小川「わかりました。あとで_______ 。」",おわたしします,おわたしになります,わたされます,わたしております,おわたしします,文法の形式の判断,N4,N4-19-9
あしたの朝は９時_______ ここへ来てください。,までで,まで,まても,までに,までに,文法の形式の判断,N4,N4-19-10
この店で日本のお金が_______ か。,使います,使えます,使うんです,使ってです,使えます,文法の形式の判断,N4,N4-18-1
そのことばは発音がむずかしいので、アナウンサー_______ よくまちがえます。,でも,にも,かも,からも,でも,文法の形式の判断,N4,N4-18-2
だれ_______ まどをしめてください。,は,が,か,に,か,文法の形式の判断,N4,N4-18-3
ネクタイ売り場は２かいに_______ 。,あってございます,おあります,いらっしゃいます,ございます,ございます,文法の形式の判断,N4,N4-18-4
わたしは１週間_______ 一回柔道を習っている。,に,は,も,で,に,文法の形式の判断,N4,N4-18-5
母ははじめてひこうきに乗って、子どもの_______ よろこんだ。,ぐらい,ように,らしい,そうに,ように,文法の形式の判断,N4,N4-18-6
"A「その本はだれのですか。」
B「_______ 。」",さあ、だれのかわかりません,さあ、本がどうかわかりません,いいえ、これは英語の本ではありません,いいえ、これはだれのではありません,さあ、だれのかわかりません,文法の形式の判断,N4,N4-18-7
図書館の前_______ 通るバスはどれですか。,へ,で,に,を,を,文法の形式の判断,N4,N4-18-8
私は先生に作文を_______ 。,おなおしになりました,おなおししました,なおしていただきました,なおしていらっしゃいました,なおしていただきました,文法の形式の判断,N4,N4-18-9
むすこはひとりでくつが_______ ようになりました。,はけた,はいた,はかない,はける,はける,文法の形式の判断,N4,N4-18-10
仕事をつづけるのは_______ と思う。,むりに,むりで,むりだ,むりな,むりだ,文法の形式の判断,N4,N4-17-1
"A 「あした、いっしょに出かけませんか。」
B 「あしたは友達がうちに来るよてい_______ 。",なんです,なんですから,ので,からです,なんです,文法の形式の判断,N4,N4-17-2
中田さんが大学をそつぎょうできた_______ 知っていますか。,ように,かどうか,だろうを,ことが,かどうか,文法の形式の判断,N4,N4-17-3
これから食事に行く_______ なんですが、いっしょにいかがですか。,ながら,までに,ところ,ぐらい,ところ,文法の形式の判断,N4,N4-17-4
"木田「それ、林さんのじしょですか。いいじしょですね。」
林「ええ。兄が私に_______ んです。」",いただいた,もらった,あげた,くれた,くれた,文法の形式の判断,N4,N4-17-5
"Ａ「あ、たいへんだ。この車ガソリンが_______ よ。」
Ｂ「ほんとうだ。早く入れたほうがいいですね。",なくなるらしいです,なくなるそうです,なくなるはずです,なくなりそうです,なくなりそうです,文法の形式の判断,N4,N4-17-6
あの先生の話は留学生_______ はむずかしすぎる。,と,に,から,より,に,文法の形式の判断,N4,N4-17-7
あの店をあまり_______ 、店員も親切です。,高くて,高いで,高くなくて,高くないで,高くなくて,文法の形式の判断,N4,N4-17-8
病気が早く_______ といいですね。,よくする,いいにする,よくなる,いいになる,よくなる,文法の形式の判断,N4,N4-17-9
とちゅうで雨が_______ かもしれないから、かさを持って行きましょう。,ふった,ふって,ふり,ふる,ふる,文法の形式の判断,N4,N4-17-10
母のたんじょう日のプレゼントはセ－タ－_______ しました。,に,を,で,が,に,文法の形式の判断,N4,N4-16-1
"Ａ「うちのむすこは肉より野菜のほうが好きなんですよ。」
Ｂ「いいですね。うちの子どもは野菜を_______ こまっているんですよ。」",食べたがって,食べたがらなくて,食べたくて,食べたくなくて,食べたがらなくて,文法の形式の判断,N4,N4-16-2
このしゅくだいは10日_______ 出してください。,まで,までに,までは,までも,までに,文法の形式の判断,N4,N4-16-3
いろいろさがした_______ 見つからないんです。,に,で,を,が,が,文法の形式の判断,N4,N4-16-4
キムさん、田中さん_______ あした10時に来るように言ってください。,を,に,や,の,に,文法の形式の判断,N4,N4-16-5
じしょをわすれたので、友だち_______ 貸してもらった。,へ,に,を,か,に,文法の形式の判断,N4,N4-16-6
私は仕事を_______ つもりです。,やめない,やめたい,やめよう,やめたくない,やめない,文法の形式の判断,N4,N4-16-7
あのレストランはいつ_______ もこんでいる。,行った,行こう,行って,行く,行って,文法の形式の判断,N4,N4-16-8
"学生「先生、何時まで大学にいらっしゃいますか。」
先生「きょうは５時まで_______ よ。」",います,いらっしゃいます,あります,まいります,います,文法の形式の判断,N4,N4-16-9
今度国に帰ること_______ なりました。,が,に,を,で,に,文法の形式の判断,N4,N4-16-10
「ここにごみを_______ な！」と書いてある。,すてろ,すてる,すてます,すてない,すてる,文法の形式の判断,N4,N4-15-1
この仕事は日本語が_______ なくてもかまいません。,じょうず,じょうずに,じょうずだ,じょうずで,じょうずで,文法の形式の判断,N4,N4-15-2
先生はもう_______ 。,お帰りになりました,お帰りなさいました,お帰りございました,お帰りいたしました,お帰りになりました,文法の形式の判断,N4,N4-15-3
カトレア_______ いう店を知っていますか。,と,が,に,を,と,文法の形式の判断,N4,N4-15-4
日本にりゅうがくしている_______ ふじさんのぼりたい。,あいだに,ところが,まえに,ことが,あいだに,文法の形式の判断,N4,N4-15-5
このへやに_______ いけません。,入るは,入っては,入りますは,入らないは,入っては,文法の形式の判断,N4,N4-15-6
空を鳥がとんでいる_______ 見えます。,が,を,のが,のを,のが,文法の形式の判断,N4,N4-15-7
"Ａ「カメラを買いたいんですが、どこがいいですか。」
Ｂ「カメラを_______ 、駅のそばの店が安くていいですよ。",買うと,買えば,買ったら,買うなら,買うなら,文法の形式の判断,N4,N4-15-8
かれは来月_______ ということを、まだだれにも知らせていない。,けっこんしろ,けっこんして,けっこんする,けっこんしよう,けっこんする,文法の形式の判断,N4,N4-15-9
さっき起きた_______ で、まだねむいです。,とき,ほう,こと,ばかり,ばかり,文法の形式の判断,N4,N4-15-10
そつぎょうしてから何をする_______ ですか。,こと,たい,ほしい,つもり,つもり,文法の形式の判断,N4,N4-14-1
いろいろしらべて、その駅がいちばんべんりだ_______ がわかった。,というもの,ということ,こと,もの,ということ,文法の形式の判断,N4,N4-14-2
たぶん明日も風が_______ だろう。,強く,強い,強くて,強いと,強い,文法の形式の判断,N4,N4-14-3
父は声_______ 大きい。,に,の,が,で,が,文法の形式の判断,N4,N4-14-4
あしたは家でゆっくり_______ と思う。,休もう,休みよう,休むよう,休むろう,休もう,文法の形式の判断,N4,N4-14-5
外は_______ ようですね。,寒,寒い,寒く,寒いの,寒い,文法の形式の判断,N4,N4-14-6
たばこの_______ すぎは よくないですよ。,すい,すう,すって,すった,すい,文法の形式の判断,N4,N4-14-7
レポートはペン_______ 書いてください。,か,の,が,で,で,文法の形式の判断,N4,N4-14-8
せんぱい_______ 私におみやげをくださいました。,が,を,で,に,が,文法の形式の判断,N4,N4-14-9
私のへやの_______ はこのへやとだいたい同じです。,広さ,広く,広い,広くて,広さ,文法の形式の判断,N4,N4-14-10
じしょを_______ に日本語の新聞を読む事ができますか。,使わず,使わない,使わなく,使わなくて,使わず,文法の形式の判断,N4,N4-13-1
あとですてるから、ごみを_______ おいてください。,集まる,集める,集まって,集めて,集めて,文法の形式の判断,N4,N4-13-2
"青木「川田さんはケーキを_______ か。」
川田「はい、一度だけ。でも、うまくできませんでした。」",作りたいです,作るでしょう,作ったことがあります,作ることができます,作ったことがあります,文法の形式の判断,N4,N4-13-3
あの人は入院しているので、あしたの旅行に_______ はずがない。,来る,来ます,来て,来た,来る,文法の形式の判断,N4,N4-13-4
テキストを_______ 答えてください。,見なく,見なくて,見ずに,見ずで,見ずに,文法の形式の判断,N4,N4-13-5
めがねをかけた_______ ねてしまいました。,あいだ,ながら,まま,まえに,まま,文法の形式の判断,N4,N4-13-6
１時間ぐらい_______ つづけたので、のどがかわいた。,話し,話す,話さ,話せ,話し,文法の形式の判断,N4,N4-13-7
まだこのマンガを_______ ことがありません。,読むの,読んで,読んだ,読みます,読んだ,文法の形式の判断,N4,N4-13-8
やんさんはいつ国へ帰る_______ ？,な,の,し,わ,の,文法の形式の判断,N4,N4-13-9
だれかにさいふ _______ とられた。,の,に,か,を,を,文法の形式の判断,N4,N4-13-10
田中は楽し_______ 顔をしている。,そうな,ような,らしいな,みたいな,そうな,文法の形式の判断,N4,N4-12-1
もう一度勉強しなさいよ。_______ できるわ。できたら、すてきなごほうびをあげるわ。,やるなら,やったら,やると,やれば,やれば,文法の形式の判断,N4,N4-12-2
僕たち、女みたい_______ 見えるんだよ。,な,が,に,を,に,文法の形式の判断,N4,N4-12-3
山本は新聞のきりぬき_______ ものを持っている。,のよう,のようの,のような,のように,のような,文法の形式の判断,N4,N4-12-4
すみませんが、これは二人_______ の話です。,だけ,でも,ごろ,など,だけ,文法の形式の判断,N4,N4-12-5
来週渋谷でテニス______________…★… _______。,行われます,が,の,試合,が,文の組み立て,N4,N4-12-6
あなたにはわたしのくろう______________…★… _______わ。,なりません,おわかりに,など,とても,おわかりに,文の組み立て,N4,N4-12-7
息子が大学そつぎょう後にどんな仕事につくか______________…★… _______。,ところです,いる,を,決めて,いる,文の組み立て,N4,N4-12-8
あなたなら何を______________…★… _______、明さん。,でしょう,成功,手がけても,なさる,なさる,文の組み立て,N4,N4-12-9
今朝めざめたとき、昨夜何______________…★… _______少し時間がかかった。,まで,が,あったか,思い出す,思い出す,文の組み立て,N4,N4-12-10
友だちと_______ 約束を忘れてはいけません。,に,で,や,の,の,文法の形式の判断,N4,N4-11-1
昼ごはんを食べ_______ から話しましょう。,はじめて,しまって,おいて,おわって,おわって,文法の形式の判断,N4,N4-11-2
ひまだからゲーム_______ しましょう。,でも,しか,まで,ながら,でも,文法の形式の判断,N4,N4-11-3
風景がわたしたちの前をゆっくりと通りすぎて_______ 。,みた,いった,つづけた,あった,いった,文法の形式の判断,N4,N4-11-4
この公園には歩きまわっている人はたくさん_______ 。,ございます,なさいます,いたします,でございます,ございます,文法の形式の判断,N4,N4-11-5
あなたはお金の心配をする必要が_______ よ。,なりません,いません,しません,ありません,ありません,文法の形式の判断,N4,N4-11-6
鈴木さんはバス_______ 気分が悪くなったそうです。,の中,の中に,の中で,の中の,の中で,文法の形式の判断,N4,N4-11-7
いま、母の手作りチョコが_______ どんなにいいだろう。,食べたら,食べれたら,食べられてたら,食べられたら,食べられたら,文法の形式の判断,N4,N4-11-8
それで、彼女から、ちかごろ便りはあったの_______ ？,で,さ,かい,や,かい,文法の形式の判断,N4,N4-11-9
あの人は、なにかを_______ より人にさせるほうが得意なんですよ。,させられる,させる,される,されさせる,させられる,文法の形式の判断,N4,N4-11-10
"A 「その本、かりてもいいですか。」
B 「どうぞ。わたし、今ちょうど読みおわった _______ ですから。」",らしい,ところ,かた,はず,ところ,文法の形式の判断,N4,N4-10-1
さいふは走っている _______ ポケットから落ちたのかもしれないよ。,ごろ,だけで,あとで,ときに,ときに,文法の形式の判断,N4,N4-10-2
学校までは車で母に送って_______ 。,あげました,もらいました,くれました,やりました,もらいました,文法の形式の判断,N4,N4-10-3
わたしは本_______ 読んだことがありません。,など,なら,だけ,でも,など,文法の形式の判断,N4,N4-10-4
あのびじゅつ館へ行けば、日本のふるい絵を見る_______ ができます。,こと,もの,よう,ところ,こと,文法の形式の判断,N4,N4-10-5
たしかに娘をいいところにかたづけますのはとてもうれしいこと_______ 。,ございます,ございました,でございます,ではございます,でございます,文法の形式の判断,N4,N4-10-6
彼の父親は歯科医で、うでの良_______ と料金の高_______ で知られていた。,さ/さ,し/し,げ/げ,の/の,さ/さ,文法の形式の判断,N4,N4-10-7
問題が_______ こんごもきがるにご連絡ください。,起きるたら,起きてら,起きたら,起きていたら,起きたら,文法の形式の判断,N4,N4-10-8
わたしは子どもが二人います。上の子がほしいと言えば、すぐに下の子も同じものを_______ 。,ほしいです,ほしがります,ほしいでした,ほしがっています,ほしがります,文法の形式の判断,N4,N4-10-9
おじゃま_______ すみませんでした。すぐしつれいします。,して,しても,したら,したなら,して,文法の形式の判断,N4,N4-10-10
そういえばベルが鳴っている_______ 。きっと木村さんだろう。,ところだ,ことだ,つもりだ,ようだ,ようだ,文法の形式の判断,N4,N4-09-1
明日図書館があいている_______ どうか知っていますか。,が,を,に,か,か,文法の形式の判断,N4,N4-09-2
あなたのその鳥をどこで手においれになったか、聞かせて_______ か？,いただけません,いただけましょう,いただけます,いただこう,いただけません,文法の形式の判断,N4,N4-09-3
あの人はたいへんあたまがよくてやさしいかたと_______ います。,いって,いわせて,いわれて,いわせられて,いわれて,文法の形式の判断,N4,N4-09-4
きっとあなたは新しいところで新しい友だちを作って、私のことなんか忘れてしまったんだ_______ 思っていたわ。,を,に,と,は,と,文法の形式の判断,N4,N4-09-5
この切符はとても手に_______ のです。,入にくい,入ってにくい,入りにくい,入るにくい,入りにくい,文法の形式の判断,N4,N4-09-6
ほかの人の手紙を_______ はいけません。,読み,読む,読んで,読んだ,読んで,文法の形式の判断,N4,N4-09-7
わたしが言ったこと、あの子に_______ 。じゃないと、あの子とっても気を悪くするわ。,言えない,言わない,言わなくて,言わないで,言わないで,文法の形式の判断,N4,N4-09-8
祖父はアル中で、ベルトで父をなぐったりした_______ 。,しか,らしい,のよう,まで,らしい,文法の形式の判断,N4,N4-09-9
これからそこへ行ってみるところですが、いっしょに_______ か？,いらっしゃいます,いたします,なさいます,もうしあげます,いらっしゃいます,文法の形式の判断,N4,N4-09-10
わたしはあいさつをするのはいやでしたが、母はわたしにあいさつを _______ 。,されました,させてあげました,させました,させてもらいました,させました,文法の形式の判断,N4,N4-08-1
私にはあなたに説明 _______ ことがいくつあるのです。,しないでならない,しなくてならない,しなくてはならない,しないではならない,しなくてはならない,文法の形式の判断,N4,N4-08-2
あなたは誰かと話をなさる前に、すべてのじじつを知って_______ ほうがいいでしょう。,おく,おって,おいている,おいた,おいた,文法の形式の判断,N4,N4-08-3
何かいやなことが_______ 、彼女はいつもほほえみをうかべていた。,あったら,あっても,いったら,いっても,あっても,文法の形式の判断,N4,N4-08-4
ハンバーガーを１０００円でなんて売れる_______ と思う。,はずない,はずにない,はずがない,はずではない,はずがない,文法の形式の判断,N4,N4-08-5
どうもおじゃま_______ 。それではひるご飯のおすみになるまでは、どうぞごゆっくりお休みください。,でございます,ございました,いたしました,になりました,いたしました,文法の形式の判断,N4,N4-08-6
兄はわたし_______ えいがにつれて行ってくれました。,と,に,が,を,を,文法の形式の判断,N4,N4-08-7
日本ではさとうより塩のほう_______ 安いです。,で,が,は,に,が,文法の形式の判断,N4,N4-08-8
私は夜の七時半_______ の電車で大阪に行く予定です。,まえ,あと,とき,ごろ,ごろ,文法の形式の判断,N4,N4-08-9
私はその会話を楽しんだと_______ と思います。,言ってもいい,言ったらいい,言うといい,言おうといい,言ってもいい,文法の形式の判断,N4,N4-08-10
わたしはしょうらい医者になる _______ です。,ところ,ように,つもり,そうに,つもり,文法の形式の判断,N4,N4-07-1
スナックを持って _______ いいですか？,くるなら,きたら,きても,くると,きても,文法の形式の判断,N4,N4-07-2
山田さんは食事に _______ ところだったので、わたしも一緒に食堂に行ってゆうしょくを食べた。,行き,行った,行く,行こう,行く,文法の形式の判断,N4,N4-07-3
話しかけているのだから、こっちをちゃんと_______ 。,見やすい,見ないで,見にくい,見なさい,見なさい,文法の形式の判断,N4,N4-07-4
田中さんは風邪をひいている_______ 、プールで泳いでいます。,のに,ても,より,なら,のに,文法の形式の判断,N4,N4-07-5
あなたから______________…★… _______と思っていた。,もう,はない,連絡,かもしれない,はない,文の組み立て,N4,N4-07-6
父はなんでも作れたんだ。戸棚が______________…★… _______。,父が,なら,作ってくれた,必要,父が,文の組み立て,N4,N4-07-7
私が何がいいたいか、あなたには______________…★… _______。,わかって,はずだ,いる,よく,いる,文の組み立て,N4,N4-07-8
______________…★… _______東京へ行ってたんじゃないかと思う。,進まな,大学,に,ければ,進まな,文の組み立て,N4,N4-07-9
その事件のあと、彼は両親よりも自分のほうが______________…★… _______なった。,ように,らしい,頭がいい,と思う,と思う,文の組み立て,N4,N4-07-10
わたしたちはバーでビールを_______ モノポリというゲームもした。,飲むと,飲むなら,飲んだら,飲みながら,飲みながら,文法の形式の判断,N4,N4-06-1
そんなこと気に_______ もいいわ。,しなくて,しないで,しない,しないよう,しなくて,文法の形式の判断,N4,N4-06-2
あのあたりには、バッテリー_______ レーダー_______ 、かっこいい仕事をしている人がたくさんいるんだ。,とか/とか,と/と,など/など,や/や,とか/とか,文法の形式の判断,N4,N4-06-3
じつはわたしにはあまり_______ いない秘密があります。,知れて,知らせて,知られて,知らせられて,知られて,文法の形式の判断,N4,N4-06-4
大事なお皿をこわしてわたしは母_______ しかられました。,に,が,で,を,に,文法の形式の判断,N4,N4-06-5
どの店も建物はきれいで、中は明る_______ だった。,よう,そう,みたい,らしい,そう,文法の形式の判断,N4,N4-06-6
あなたにはお姉さんがいるの。すてきな人で有名人よ。東京へ連れて行って_______ 。,会ってもらう,会ってあげる,会わせてあげる,会わせてもらう,会わせてあげる,文法の形式の判断,N4,N4-06-7
さあ、お掛けなさい。少し事情を説明したほうが_______ だ。,よそう,よいそう,よさそう,よかったそう,よさそう,文法の形式の判断,N4,N4-06-8
わたしたちの家に泊まりなさいよ。そうすればお金もかからない_______ 、時間を気にしないでゆっくり話もできる_______ 。,ば/ば,が/が,し/し,で/で,し/し,文法の形式の判断,N4,N4-06-9
正直に言ってくれたらよかった_______ 。お金が必要だと言ってくれればわたしの分はあげた_______ 。,から/から,のに/のに,なら/なら,ので/ので,のに/のに,文法の形式の判断,N4,N4-06-10
お時間をとりましたことを _______ ください。ご健康とご幸福を祈ります。,おゆるし,ゆるして,おゆるして,ゆるし,おゆるし,文法の形式の判断,N4,N4-05-1
はじめにうまく_______ 、何度でも、何度でも、やってみるんだね。,いかなかったら,いかなくて,いかないと,いかないで,いかなかったら,文法の形式の判断,N4,N4-05-2
子供たちが動物園への_______ をたずねた。,行方,行き方,行く方,行った方,行き方,文法の形式の判断,N4,N4-05-3
電車を_______ としたとき、ころんでけがをしました。,おり,おりる,おりて,おりよう,おりよう,文法の形式の判断,N4,N4-05-4
誰が相手_______ 、どんなこと_______ 、彼は納得させてしまう。,ても/ても,など/など,でも/でも,なら/なら,でも/でも,文法の形式の判断,N4,N4-05-5
隠れるところがない_______ ！,じゃないが,じゃないかな,じゃないかしら,じゃないか,じゃないか,文法の形式の判断,N4,N4-05-6
りんごとバナナとではどちら_______ すきですか。,で,が,は,と,が,文法の形式の判断,N4,N4-05-7
彼女は自分がとてもひどいことをして_______ と思って後悔した。,みたんだ,しまったんだ,きたんだ,おいたんだ,しまったんだ,文法の形式の判断,N4,N4-05-8
私、父から五百万円を借りる_______ 。,ものができた,ものができていた,ことができていた,ことができた,ことができた,文法の形式の判断,N4,N4-05-9
一人_______ 子供のいない両親はあまり仲が良くないっていうのは本当だと思う？,もう,しか,だけ,ばかり,しか,文法の形式の判断,N4,N4-05-10
今日は寒いので、風邪をひいて_______ そうです。,しまい,み,いき,おき,しまい,文法の形式の判断,N4,N4-04-1
彼は「クラシック音楽」をタップした。悲しいメロディーと歌詞が_______ 。,流れはじめた,流れいった,流れつづけた,流れみた,流れはじめた,文法の形式の判断,N4,N4-04-2
わたしはけさ山田さんがひとりで_______ を見ました。,走る,走ること,走っているの,走っていること,走っているの,文法の形式の判断,N4,N4-04-3
彼とはじめてデートした_______ 、新しい生活をはじめたいと思っていました。,とき,ところ,あと,ごろ,とき,文法の形式の判断,N4,N4-04-4
十五分_______ パトカーのサイレンがきこえた。,おきに,までに,ように,あとに,おきに,文法の形式の判断,N4,N4-04-5
両親はふたりともわたしを理解して_______ いた。,あげて,くれて,やって,もらって,くれて,文法の形式の判断,N4,N4-04-6
これから新宿駅で松本さんに_______ 予定です。,会っている,会える,会おう,会う,会う,文法の形式の判断,N4,N4-04-7
何か意見が_______ ならなんでも聞いてくれ。,いる,ほしい,ひつよう,したい,ほしい,文法の形式の判断,N4,N4-04-8
同じような趣味を持つ人の集まりに参加_______ はいかがでしょうか？,していて,していって,してきて,してみて,してみて,文法の形式の判断,N4,N4-04-9
彼らはいつも_______ ソファーの上でレコードをきいていた。,のように,のような,みたいに,みたいな,のように,文法の形式の判断,N4,N4-04-10
私はどうしても家に帰らなければ_______ 。,いかない,ならない,なってない,いってない,ならない,文法の形式の判断,N4,N4-03-1
窓の外では雨が_______ いる。,降りつづけて,降ってつづけて,降るつづけて,降ったつづけて,降りつづけて,文法の形式の判断,N4,N4-03-2
高木くんはこの仕事が気に入らなかった_______ だけど、僕はとっても楽しかったです。,みたい,のみたい,にみたい,なみたい,みたい,文法の形式の判断,N4,N4-03-3
生まれた_______ の子牛が立ち上がり、歩こうとしている。,だけ,とき,ところ,ばかり,ばかり,文法の形式の判断,N4,N4-03-4
"A 「今すぐ何かして働きたいと思うわ。」
B 「何かやさしいお料理を_______ どうですか？」",習うと,習うなら,習っても,習ったら,習ったら,文法の形式の判断,N4,N4-03-5
しゃべりたくない_______ 、しゃべらなくてもいいですよ。,のたら,のなら,のと,のは,のなら,文法の形式の判断,N4,N4-03-6
中国を旅しているあいだ、実家への連絡はあまり_______ 。,した,しなかった,していた,していなかった,していなかった,文法の形式の判断,N4,N4-03-7
機械工作をすごいと言ったけど、鈴木は手を_______ 。,汚しがらなかった,汚したくなかった,汚したがらなくなった,汚したがらなかった,汚したがらなかった,文法の形式の判断,N4,N4-03-8
駅へ行きたいんですが、どう_______ いいですか。,行って,行けば,行くなら,行くのは,行けば,文法の形式の判断,N4,N4-03-9
けさはいつもより早く学校へ行きました。しかし、山田さんはもう_______ 。,きます,きています,きてでした,きていました,きていました,文法の形式の判断,N4,N4-03-10
男の子がバケツ一杯の水をもって帰る_______ 一時間近くもかかった。,のに,のを,のは,ので,のに,文法の形式の判断,N4,N4-02-1
食事は果物と野菜_______ にしています。,しか,だけ,など,くらい,だけ,文法の形式の判断,N4,N4-02-2
三週間たっても彼女_______ 返事は来なかった。,までの,からの,のまでの,のからの,からの,文法の形式の判断,N4,N4-02-3
あなた_______ 一番したいことはなんですか？,が,は,に,も,が,文法の形式の判断,N4,N4-02-4
このとき、二階でことんという音_______ が誰も気づかなかった。,をした,になった,にした,がした,がした,文法の形式の判断,N4,N4-02-5
兄さんったら、寝ながら_______ するもんだから、僕は半分ぐらいしか眠れないよ。,動きまわるし、しゃべるし,動きまわると、しゃべると,動きまわったり、しゃべったり,動きまわっても、しゃべっても,動きまわったり、しゃべったり,文法の形式の判断,N4,N4-02-6
今日はうんと楽しんで、好きなだけ_______ つもりよ。,食べ,食べる,食べている,食べよう,食べる,文法の形式の判断,N4,N4-02-7
電話で彼に叫んだ_______ わ。「そんなの違うじゃない」って。,ことがいます,ことがいました,ことがあります,ことがありました,ことがあります,文法の形式の判断,N4,N4-02-8
子どものころきらいだったやさいが、さいきん_______ ようになりました。,食べる,食べた,食べられる,食べられた,食べられる,文法の形式の判断,N4,N4-02-9
わたしは弟に_______ と思って、この本を買いました。,読ませよう,読ませる,読みたい,読みたがる,読ませよう,文法の形式の判断,N4,N4-02-10
あの人は病気ではない_______ くすりをたくさん飲んでいます。,1. あの人は病気ではない　_______ くすりをたくさん飲んでいます。,ので,ために,"のに
　から",ために,文法の形式の判断,N4,N4-01-1
これから日本に行くけど１週間で戻る。戻ったらすぐに会いたいと思う。それまで、なにも_______ 。,決めないようほしい,決めないほしい,決めなくてほしい,決めないでほしい,決めないでほしい,文法の形式の判断,N4,N4-01-2
社長から電話が_______ とき、私は子供とピクニックに出かける準備をしていた。,かかってきた,かかっていった,かかっておいた,かかってみた,かかってきた,文法の形式の判断,N4,N4-01-3
でもあなたと話が_______ よ。だって二人で話をしたことなんて一度もなかったものな。,できてよい,できてよかった,できたらよかった,できればよかった,できてよかった,文法の形式の判断,N4,N4-01-4
彼は私たちが部屋に入った_______ ドアを閉めた。,ごで,あとで,まえで,まえに,あとで,文法の形式の判断,N4,N4-01-5
このバスは郵便局の前_______ 通りますか？,で,に,へ,を,を,文法の形式の判断,N4,N4-01-6
この本のほうがあなたには_______ はずだ。,わかったやすい,わかるやすい,わかりやすい,わかってやすい,わかりやすい,文法の形式の判断,N4,N4-01-7
電車を待っていたとき、わたしは友だち_______ 名前を呼ばれました。,を,が,に,で,に,文法の形式の判断,N4,N4-01-8
昨日は仕事を守れる_______ が不安だった。しかしいまは、命を守れる_______ が不安だ。,かどうか/かどうか,か/か,じゃないか/じゃないか,の/の,かどうか/かどうか,文法の形式の判断,N4,N4-01-9
明日の夕方_______ 東京に戻りたい。アルバイトに行かなければならないから。,までで,まで,までに,にまで,までに,文法の形式の判断,N4,N4-01-10
